AppID,Nombre,Developer,Publisher,ScoreRank,Owners,AverageForever,Average2Weeks,MedianForever,Median2Weeks,CCU,Price,InitialPrice,Discount,Tags,ReleaseYear,Dificultad
730,Counter-Strike: Global Offensive,Valve,Valve,,"100,000,000 .. 200,000,000",33428,839,6081,321,1013936,0,0,0,"Action, Free To Play, Multi-player, Cross-Platform Multiplayer, Steam Trading Cards, Steam Workshop, In-App Purchases, Adjustable Text Size, Camera Comfort, Color Alternatives, Custom Volume Controls, Playable without Timed Input, Stereo Sound, Surround Sound, Valve Anti-Cheat enabled, Stats, Remote Play on Phone, Remote Play on Tablet, Remote Play on TV, Steam Timeline",2012.0,0
1172470,Apex Legends,Respawn,Electronic Arts,,"100,000,000 .. 200,000,000",10353,755,1011,242,124262,0,0,0,"Action, Adventure, Free To Play, Multi-player, PvP, Online PvP, Co-op, Online Co-op, Steam Achievements, Full controller support, Steam Trading Cards, In-App Purchases, Chat Speech-to-text, Playable without Timed Input",2020.0,0
578080,PUBG: BATTLEGROUNDS,PUBG Corporation,"KRAFTON, Inc.",,"100,000,000 .. 200,000,000",23231,984,5804,387,314682,0,0,0,"Action, Adventure, Massively Multiplayer, Free To Play, Multi-player, PvP, Online PvP, Stats, Remote Play on Phone, Remote Play on Tablet",2017.0,0
1623730,Palworld,Pocketpair,Pocketpair,,"50,000,000 .. 100,000,000",3736,694,2212,284,18028,2249,2999,25,"Action, Adventure, Indie, RPG, Early Access, Single-player, Multi-player, Co-op, Online Co-op, Cross-Platform Multiplayer, Steam Achievements, Full controller support, Steam Cloud, Family Sharing",2024.0,0
440,Team Fortress 2,Valve,Valve,,"50,000,000 .. 100,000,000",23708,432,4870,165,43819,0,0,0,"Action, Free To Play, Multi-player, Cross-Platform Multiplayer, Steam Achievements, Steam Trading Cards, Captions available, Steam Workshop, In-App Purchases, Camera Comfort, Color Alternatives, Custom Volume Controls, Stereo Sound, Surround Sound, Partial Controller Support, Valve Anti-Cheat enabled, Stats, Includes level editor, Commentary available, Remote Play on Phone, Remote Play on Tablet",2007.0,0
1938090,Call of Duty: Modern Warfare II,"Treyarch, Raven Software, Beenox, High Moon Studios, Activision Shanghai, Sledgehammer Games, Infinity Ward, Demonware, Toys for Bob",Activision,,"50,000,000 .. 100,000,000",5277,346,611,175,67419,3849,6999,45,"Action, Single-player, Multi-player, PvP, Online PvP, Co-op, Online Co-op, Cross-Platform Multiplayer, Steam Achievements, Full controller support, Captions available, In-App Purchases",2022.0,0
1063730,New World: Aeternum,Amazon Games,Amazon Games,,"50,000,000 .. 100,000,000",9010,819,3230,478,5583,5999,5999,0,"Action, Adventure, Massively Multiplayer, RPG, Multi-player, MMO, PvP, Online PvP, Co-op, Online Co-op, Steam Achievements, In-App Purchases, Adjustable Text Size, Camera Comfort, Chat Speech-to-text, Chat Text-to-speech, Color Alternatives, Custom Volume Controls, Keyboard Only Option, Playable without Timed Input, Save Anytime, Stereo Sound, Subtitle Options, Surround Sound, Partial Controller Support",2021.0,0
2358720,Black Myth: Wukong,Game Science,Game Science,,"50,000,000 .. 100,000,000",3194,292,2788,70,15004,5999,5999,0,"Action, Adventure, RPG, Single-player, Steam Achievements, Full controller support, Steam Trading Cards, Playable without Timed Input, Stereo Sound, Surround Sound, Steam Cloud, Family Sharing",2024.0,0
271590,Grand Theft Auto V Legacy,Rockstar North,Rockstar Games,,"50,000,000 .. 100,000,000",13919,982,5759,136,67851,0,0,0,"Action, Adventure, Single-player, Multi-player, PvP, Online PvP, Co-op, Online Co-op, Steam Achievements, Full controller support, Remote Play on Phone, Remote Play on Tablet, Remote Play on TV",2015.0,0
550,Left 4 Dead 2,Valve,Valve,,"50,000,000 .. 100,000,000",2378,240,535,99,25122,999,999,0,"Action, Single-player, Multi-player, PvP, Online PvP, Co-op, Online Co-op, Steam Achievements, Full controller support, Steam Trading Cards, Captions available, Steam Workshop, Camera Comfort, Color Alternatives, Custom Volume Controls, Adjustable Difficulty, Playable without Timed Input, Stereo Sound, Surround Sound, Steam Cloud, Valve Anti-Cheat enabled, Stats, Includes Source SDK, Commentary available, Remote Play on Phone, Remote Play on Tablet, Remote Play on TV, Remote Play Together, Family Sharing, Steam Timeline",2009.0,1
304930,Unturned,Smartly Dressed Games,Smartly Dressed Games,,"50,000,000 .. 100,000,000",9918,2853,344,512,10408,0,0,0,"Action, Adventure, Casual, Indie, Free To Play, Single-player, Multi-player, PvP, Online PvP, LAN PvP, Co-op, Online Co-op, LAN Co-op, Steam Achievements, Steam Trading Cards, Steam Workshop, In-App Purchases, Camera Comfort, Custom Volume Controls, Adjustable Difficulty, Playable without Timed Input, Stereo Sound, Steam Cloud, Valve Anti-Cheat enabled, Stats, Includes level editor, Remote Play on Tablet",2017.0,1
1599340,Lost Ark,Smilegate RPG,Amazon Games,,"50,000,000 .. 100,000,000",4562,2038,776,2980,17355,0,0,0,"Action, Adventure, Massively Multiplayer, RPG, Free To Play, Single-player, Multi-player, MMO, PvP, Online PvP, Co-op, Online Co-op, Steam Achievements, In-App Purchases, Adjustable Text Size, Camera Comfort, Color Alternatives, Custom Volume Controls, Keyboard Only Option, Playable without Timed Input, Save Anytime, Partial Controller Support",2022.0,0
236390,War Thunder,Gaijin Entertainment,Gaijin Network Ltd,,"20,000,000 .. 50,000,000",9004,1054,505,334,50478,0,0,0,"Action, Massively Multiplayer, Simulation, Free To Play, Single-player, Multi-player, MMO, PvP, Online PvP, Co-op, Online Co-op, Cross-Platform Multiplayer, Steam Achievements, Full controller support, VR Supported, Steam Trading Cards, In-App Purchases, Remote Play on Phone, Remote Play on Tablet",2013.0,0
2246340,Monster Hunter Wilds,"CAPCOM Co., Ltd.","CAPCOM Co., Ltd.",,"20,000,000 .. 50,000,000",4234,758,3116,388,12494,4899,6999,30,"Action, Adventure, RPG, Single-player, Multi-player, Co-op, Online Co-op, Cross-Platform Multiplayer, Steam Achievements, Full controller support, Steam Trading Cards, Adjustable Text Size, Camera Comfort, Color Alternatives, Custom Volume Controls, Keyboard Only Option, Stereo Sound, Subtitle Options, Surround Sound, Steam Cloud, HDR available, Family Sharing",2025.0,0
553850,HELLDIVERS 2,Arrowhead Game Studios,PlayStation Publishing LLC,,"20,000,000 .. 50,000,000",4818,426,2330,192,53399,3199,3999,20,"Action, Multi-player, Co-op, Online Co-op, Steam Achievements, In-App Purchases, Partial Controller Support, Family Sharing",2024.0,0
230410,Warframe,Digital Extremes,Digital Extremes,,"20,000,000 .. 50,000,000",12144,1243,536,156,36195,0,0,0,"Action, RPG, Free To Play, Single-player, Multi-player, Co-op, Online Co-op, Cross-Platform Multiplayer, Steam Achievements, Full controller support, Steam Trading Cards, Steam Workshop, In-App Purchases, Camera Comfort, Color Alternatives, Custom Volume Controls, Playable without Timed Input, Stereo Sound, Surround Sound, Remote Play on Phone, Remote Play on Tablet, Remote Play on TV, HDR available",2013.0,0
1245620,ELDEN RING,"FromSoftware, Inc.","FromSoftware, Inc., Bandai Namco Entertainment",,"20,000,000 .. 50,000,000",7899,518,5664,93,29529,5999,5999,0,"Action, RPG, Single-player, Multi-player, PvP, Online PvP, Co-op, Online Co-op, Steam Achievements, Full controller support, Steam Trading Cards, Camera Comfort, Custom Volume Controls, Playable without Timed Input, Save Anytime, Stereo Sound, Surround Sound, Steam Cloud, Family Sharing",2022.0,0
105600,Terraria,Re-Logic,Re-Logic,,"20,000,000 .. 50,000,000",7890,567,1970,140,24580,499,999,50,"Action, Adventure, Indie, RPG, Single-player, Multi-player, PvP, Online PvP, Co-op, Online Co-op, Steam Achievements, Full controller support, Steam Trading Cards, Steam Cloud, Remote Play on Phone, Remote Play on Tablet, Remote Play on TV, Family Sharing",2011.0,0
2694490,Path of Exile 2,Grinding Gear Games,Grinding Gear Games,,"20,000,000 .. 50,000,000",7564,1135,2977,441,16727,2999,2999,0,"Action, Adventure, Massively Multiplayer, RPG, Early Access, Single-player, Multi-player, MMO, Co-op, Online Co-op, Full controller support, HDR available",2024.0,0
431960,Wallpaper Engine,Wallpaper Engine Team,Wallpaper Engine Team,,"20,000,000 .. 50,000,000",4313,126,993,8,91184,399,499,20,"Casual, Indie, Animation & Modeling, Design & Illustration, Photo Editing, Utilities, Steam Achievements, Steam Trading Cards, Steam Workshop, Steam Workshop, Includes level editor",2018.0,0
1086940,Baldur's Gate 3,Larian Studios,Larian Studios,,"20,000,000 .. 50,000,000",7758,717,4846,325,54771,4499,5999,25,"Adventure, RPG, Strategy, Single-player, Multi-player, Co-op, Online Co-op, LAN Co-op, Cross-Platform Multiplayer, Steam Achievements, Full controller support, Steam Trading Cards, Adjustable Text Size, Camera Comfort, Color Alternatives, Custom Volume Controls, Adjustable Difficulty, Playable without Timed Input, Save Anytime, Stereo Sound, Subtitle Options, Surround Sound, Steam Cloud, Remote Play on TV, Remote Play Together, Family Sharing",2023.0,1
291550,Brawlhalla,Blue Mammoth Games,Ubisoft,,"20,000,000 .. 50,000,000",3023,224,241,58,14169,0,0,0,"Action, Indie, Free To Play, Single-player, Multi-player, PvP, Online PvP, Shared/Split Screen PvP, Co-op, Online Co-op, Shared/Split Screen Co-op, Shared/Split Screen, Cross-Platform Multiplayer, Steam Achievements, Steam Trading Cards, Partial Controller Support, Remote Play on Phone, Remote Play on Tablet, Remote Play on TV, Remote Play Together",2017.0,0
4000,Garry's Mod,Facepunch Studios,Valve,,"20,000,000 .. 50,000,000",10527,412,1252,83,18400,499,999,50,"Casual, Indie, Simulation, Single-player, Multi-player, PvP, Online PvP, LAN PvP, Co-op, Online Co-op, LAN Co-op, Cross-Platform Multiplayer, Steam Achievements, Steam Trading Cards, Captions available, Steam Workshop, Steam Cloud, Valve Anti-Cheat enabled, Includes level editor, Includes Source SDK, Remote Play on Tablet, Family Sharing",2006.0,0
1085660,Destiny 2,Bungie,Bungie,,"20,000,000 .. 50,000,000",11500,1480,497,179,24619,0,0,0,"Action, Adventure, Free To Play, Single-player, Multi-player, PvP, Online PvP, Co-op, Online Co-op, Steam Achievements, In-App Purchases, Partial Controller Support",2019.0,0
359550,Tom Clancy's Rainbow Six Siege,Ubisoft Montreal,Ubisoft,,"20,000,000 .. 50,000,000",15047,471,2565,204,51847,1999,1999,0,"Action, Free To Play, Single-player, Multi-player, PvP, Online PvP, Co-op, Online Co-op, Full controller support, Steam Trading Cards, In-App Purchases, Remote Play on Phone, Remote Play on Tablet",2015.0,0
252490,Rust,Facepunch Studios,Facepunch Studios,,"20,000,000 .. 50,000,000",23581,1129,2928,554,143870,1999,3999,50,"Action, Adventure, Indie, Massively Multiplayer, RPG, Multi-player, MMO, PvP, Online PvP, Co-op, Online Co-op, Cross-Platform Multiplayer, Steam Achievements, Steam Trading Cards, Steam Workshop, In-App Purchases, Valve Anti-Cheat enabled, Stats, Remote Play on Tablet",2018.0,0
552990,World of Warships,Wargaming Group Limited,Wargaming Group Limited,,"20,000,000 .. 50,000,000",4316,984,289,619,8518,0,0,0,"Action, Massively Multiplayer, Simulation, Strategy, Free To Play, Multi-player, MMO, PvP, Online PvP, Co-op, Online Co-op, Steam Achievements, Steam Trading Cards, In-App Purchases, Adjustable Text Size, Camera Comfort, Color Alternatives, Custom Volume Controls, Playable without Timed Input, Steam Cloud",2017.0,0
346110,ARK: Survival Evolved,"Studio Wildcard, Instinct Games, Efecto Studios, Virtual Basement LLC","Studio Wildcard, Snail Games USA",,"20,000,000 .. 50,000,000",12591,1266,980,358,22170,494,1499,67,"Action, Adventure, Indie, Massively Multiplayer, RPG, Single-player, Multi-player, MMO, Co-op, Steam Achievements, Full controller support, Steam Workshop, Steam Cloud, Valve Anti-Cheat enabled, Includes level editor, Remote Play on Tablet, Family Sharing",2017.0,0
413150,Stardew Valley,ConcernedApe,ConcernedApe,,"20,000,000 .. 50,000,000",4599,579,1494,111,50662,1049,1499,30,"Indie, RPG, Simulation, Single-player, Multi-player, Co-op, Online Co-op, LAN Co-op, Shared/Split Screen Co-op, Shared/Split Screen, Steam Achievements, Full controller support, Steam Trading Cards, Steam Cloud, Remote Play on Phone, Remote Play on Tablet, Remote Play Together, Family Sharing",2016.0,0
242760,The Forest,Endnight Games Ltd,Endnight Games Ltd,,"20,000,000 .. 50,000,000",1438,172,821,123,2892,499,1999,75,"Action, Adventure, Indie, Simulation, Single-player, Multi-player, Co-op, Online Co-op, LAN Co-op, Tracked Controller Support, VR Supported, Partial Controller Support, Steam Cloud, Family Sharing",2018.0,0
1491000,War Robots: Frontiers,MY.GAMES,MY.GAMES,,"20,000,000 .. 50,000,000",1287,342,1280,535,256,0,0,0,"Action, Simulation, Free To Play, Multi-player, PvP, Online PvP, Cross-Platform Multiplayer, Steam Achievements, Full controller support, In-App Purchases, Camera Comfort, Custom Volume Controls, Playable without Timed Input, Stereo Sound, Subtitle Options, Surround Sound",2025.0,0
238960,Path of Exile,Grinding Gear Games,Grinding Gear Games,,"20,000,000 .. 50,000,000",11508,3125,502,845,4694,0,0,0,"Action, Adventure, Indie, Massively Multiplayer, RPG, Free To Play, Single-player, Multi-player, MMO, PvP, Online PvP, Co-op, Online Co-op, Steam Achievements, Full controller support, Steam Trading Cards, In-App Purchases, Remote Play on Tablet",2013.0,0
218620,PAYDAY 2,OVERKILL - a Starbreeze Studio.,Starbreeze Publishing AB,,"20,000,000 .. 50,000,000",8949,1654,531,604,27254,299,999,70,"Action, RPG, Single-player, Multi-player, Co-op, Online Co-op, Steam Achievements, Full controller support, Tracked Controller Support, VR Supported, Steam Trading Cards, In-App Purchases, Camera Comfort, Custom Volume Controls, Adjustable Difficulty, Playable without Timed Input, Stereo Sound, Steam Cloud, Remote Play on Phone, Remote Play on Tablet, Remote Play on TV, Family Sharing",2013.0,1
291480,Warface: Clutch,MY.GAMES,MY.GAMES,,"20,000,000 .. 50,000,000",1736,1,161,1,270,0,0,0,"Action, Massively Multiplayer, Free To Play, Multi-player, MMO, PvP, Online PvP, Co-op, Online Co-op, Steam Achievements, Steam Trading Cards, In-App Purchases",2014.0,0
901583,Grand Theft Auto IV: Complete Edition,"Rockstar North, Rockstar Toronto",Rockstar Games,,"20,000,000 .. 50,000,000",0,0,0,0,0,0,0,0,"Action, Adventure, Single-player, Multi-player, Partial Controller Support",,0
899770,Last Epoch,Eleventh Hour Games,Eleventh Hour Games,,"20,000,000 .. 50,000,000",5022,998,2615,1313,5831,3499,3499,0,"Action, Adventure, Indie, RPG, Single-player, Multi-player, Co-op, Online Co-op, Full controller support, In-App Purchases, Steam Cloud",2024.0,0
340,Half-Life 2: Lost Coast,Valve,Valve,,"20,000,000 .. 50,000,000",0,0,0,0,2,1999,1999,0,"Action, Single-player, Camera Comfort, Custom Volume Controls, Adjustable Difficulty, Playable without Timed Input, Save Anytime, Stereo Sound, Subtitle Options, Surround Sound, Commentary available, Family Sharing",2005.0,1
1091500,Cyberpunk 2077,CD PROJEKT RED,CD PROJEKT RED,,"20,000,000 .. 50,000,000",4963,552,3313,191,22265,2099,5999,65,"RPG, Single-player, Steam Achievements, Full controller support, Steam Trading Cards, Adjustable Text Size, Camera Comfort, Color Alternatives, Custom Volume Controls, Adjustable Difficulty, Playable without Timed Input, Save Anytime, Stereo Sound, Subtitle Options, Surround Sound, Steam Cloud, Family Sharing",2020.0,1
381210,Dead by Daylight,Behaviour Interactive Inc.,Behaviour Interactive Inc.,,"20,000,000 .. 50,000,000",12252,575,1251,288,44886,799,1999,60,"Action, Multi-player, PvP, Online PvP, Co-op, Online Co-op, Cross-Platform Multiplayer, Steam Achievements, Full controller support, Steam Trading Cards, Steam Cloud, Remote Play on Phone, Remote Play on Tablet, Remote Play on TV, Family Sharing",2016.0,0
990080,Hogwarts Legacy,Avalanche Software,Warner Bros. Games,,"20,000,000 .. 50,000,000",2209,320,1639,201,5716,1199,5999,80,"Action, Adventure, RPG, Single-player, Steam Achievements, Full controller support, In-App Purchases, Adjustable Text Size, Camera Comfort, Custom Volume Controls, Narrated Game Menus, Save Anytime, Stereo Sound, Surround Sound, Steam Cloud, HDR available, Family Sharing",2023.0,0
438100,VRChat,VRChat Inc.,VRChat Inc.,,"20,000,000 .. 50,000,000",4657,1129,142,350,34699,0,0,0,"Adventure, Casual, Massively Multiplayer, Simulation, Sports, Free To Play, Early Access, Multi-player, MMO, PvP, Online PvP, Co-op, Online Co-op, Cross-Platform Multiplayer, Full controller support, Tracked Controller Support, VR Supported, In-App Purchases",2017.0,0
292030,The Witcher 3: Wild Hunt,CD PROJEKT RED,CD PROJEKT RED,,"20,000,000 .. 50,000,000",3813,449,956,151,15893,799,3999,80,"RPG, Single-player, Steam Achievements, Steam Trading Cards, Steam Workshop, Adjustable Text Size, Camera Comfort, Color Alternatives, Custom Volume Controls, Adjustable Difficulty, Playable without Timed Input, Save Anytime, Stereo Sound, Surround Sound, Partial Controller Support, Steam Cloud, Remote Play on Tablet, Remote Play on TV, Family Sharing",2015.0,1
945360,Among Us,Innersloth,Innersloth,,"20,000,000 .. 50,000,000",1742,190,658,95,3832,299,499,40,"Casual, Multi-player, PvP, Online PvP, LAN PvP, Co-op, Online Co-op, LAN Co-op, Cross-Platform Multiplayer, Steam Achievements, Full controller support, Steam Trading Cards, In-App Purchases, Remote Play on Phone, Remote Play on Tablet, Family Sharing",2018.0,0
1097150,Fall Guys: Ultimate Knockout,Mediatonic,Ravenscourt,,"20,000,000 .. 50,000,000",1363,94,576,70,664,0,0,0,"Action, Casual, Indie, Massively Multiplayer, Sports, Multi-player, MMO, PvP, Online PvP, Co-op, Online Co-op, Steam Achievements, In-App Purchases, Partial Controller Support, Remote Play on Phone, Remote Play on Tablet",2020.0,0
49520,Borderlands 2,"Gearbox Software, Aspyr (Mac), Aspyr (Linux)","2K, Aspyr (Mac), Aspyr (Linux)",,"10,000,000 .. 20,000,000",2919,614,909,120,8551,1999,1999,0,"Action, RPG, Single-player, Multi-player, Co-op, Steam Achievements, Full controller support, Steam Trading Cards, Steam Cloud, Remote Play on Phone, Remote Play on Tablet, Remote Play on TV, Family Sharing",2012.0,0
227300,Euro Truck Simulator 2,SCS Software,SCS Software,,"10,000,000 .. 20,000,000",6321,387,1647,105,17281,499,1999,75,"Indie, Simulation, Single-player, Multi-player, Co-op, Online Co-op, Steam Achievements, Steam Trading Cards, Steam Workshop, Partial Controller Support, Steam Cloud, Includes level editor, Remote Play on Phone, Remote Play on Tablet, Remote Play Together, Family Sharing",2012.0,0
892970,Valheim,Iron Gate AB,Coffee Stain Publishing,,"10,000,000 .. 20,000,000",4444,789,1741,260,14439,999,1999,50,"Action, Adventure, Indie, RPG, Early Access, Single-player, Multi-player, Co-op, Online Co-op, Full controller support, Steam Cloud, Remote Play on Tablet, Family Sharing",2021.0,0
739630,Phasmophobia,Kinetic Games,Kinetic Games,,"10,000,000 .. 20,000,000",2334,197,881,86,9978,1499,1999,25,"Action, Indie, Early Access, Single-player, Multi-player, Co-op, Online Co-op, Steam Achievements, Full controller support, Tracked Controller Support, VR Supported, Steam Trading Cards, Camera Comfort, Adjustable Difficulty, Playable without Timed Input, Stereo Sound, Surround Sound, Steam Cloud, Remote Play on Phone, Remote Play on Tablet, Family Sharing",2020.0,1
444090,Paladins,Evil Mojo Games,Hi-Rez Studios,,"10,000,000 .. 20,000,000",3983,3608,526,254,1028,0,0,0,"Action, Adventure, Massively Multiplayer, Strategy, Free To Play, Multi-player, PvP, Online PvP, Cross-Platform Multiplayer, Steam Achievements, Full controller support, Steam Trading Cards, In-App Purchases, Remote Play on Phone, Remote Play on Tablet",2018.0,0
1203220,NARAKA: BLADEPOINT,24 Entertainment,NetEase Games Global,,"10,000,000 .. 20,000,000",8912,1209,520,312,66954,0,0,0,"Action, Adventure, Massively Multiplayer, Multi-player, PvP, Online PvP, Steam Achievements, Steam Trading Cards, In-App Purchases, Partial Controller Support, HDR available",2021.0,0
320,Half-Life 2: Deathmatch,Valve,Valve,,"10,000,000 .. 20,000,000",442,43,36,75,159,1999,1999,0,"Action, Multi-player, Custom Volume Controls, Playable without Timed Input, Stereo Sound, Surround Sound, Valve Anti-Cheat enabled, Includes Source SDK, Family Sharing",2004.0,0
70,Half-Life,Valve,Valve,,"10,000,000 .. 20,000,000",713,148,136,110,634,199,999,80,"Action, Single-player, Multi-player, PvP, Online PvP, Full controller support, Color Alternatives, Custom Volume Controls, Adjustable Difficulty, Keyboard Only Option, Playable without Timed Input, Save Anytime, Stereo Sound, Steam Cloud, Valve Anti-Cheat enabled, Remote Play on Phone, Remote Play on Tablet, Family Sharing",1998.0,1
582010,Monster Hunter: World,"CAPCOM Co., Ltd.","CAPCOM Co., Ltd.",,"10,000,000 .. 20,000,000",8838,823,2908,345,11923,989,2999,67,"Action, Single-player, Multi-player, Co-op, Steam Achievements, Steam Trading Cards, Adjustable Text Size, Camera Comfort, Custom Volume Controls, Keyboard Only Option, Stereo Sound, Surround Sound, Partial Controller Support, Steam Cloud, Stats, Steam Leaderboards, Remote Play on Tablet, HDR available, Family Sharing",2018.0,0
227940,Heroes & Generals,TLM Partners,TLM Partners,,"10,000,000 .. 20,000,000",1322,1,98,1,0,0,0,0,"Action, Free To Play, Indie, Massively Multiplayer, Strategy, Multi-player, MMO, PvP, Online PvP, Co-op, Online Co-op, In-App Purchases, Stats, Family Sharing",2016.0,0
252950,Rocket League,Psyonix LLC,Psyonix LLC,,"10,000,000 .. 20,000,000",18508,407,2811,212,21106,0,0,0,"Action, Indie, Racing, Sports, Single-player, Multi-player, PvP, Online PvP, Shared/Split Screen PvP, Co-op, Online Co-op, Shared/Split Screen Co-op, Shared/Split Screen, Cross-Platform Multiplayer, Steam Achievements, Steam Trading Cards, Steam Workshop, Partial Controller Support, Steam Cloud, Stats, Remote Play on Phone, Remote Play on Tablet, Remote Play on TV, Remote Play Together, Family Sharing",2015.0,0
108600,Project Zomboid,The Indie Stone,The Indie Stone,,"10,000,000 .. 20,000,000",3687,687,851,193,22864,1339,1999,33,"Indie, RPG, Simulation, Early Access, Single-player, Multi-player, PvP, Online PvP, Co-op, Online Co-op, Shared/Split Screen Co-op, Shared/Split Screen, Cross-Platform Multiplayer, Steam Trading Cards, Steam Workshop, Partial Controller Support, Remote Play Together, Family Sharing",2013.0,0
1966720,Lethal Company,Zeekerss,Zeekerss,,"10,000,000 .. 20,000,000",1374,171,691,105,6199,749,999,25,"Action, Adventure, Indie, Early Access, Single-player, Multi-player, Co-op, Online Co-op, Partial Controller Support, Family Sharing",2023.0,0
1174180,Red Dead Redemption 2,Rockstar Games,Rockstar Games,,"10,000,000 .. 20,000,000",4507,316,2080,114,29885,1499,5999,75,"Action, Adventure, Single-player, Multi-player, PvP, Online PvP, Co-op, Online Co-op, Steam Achievements, In-App Purchases, Partial Controller Support, Remote Play on Phone, Remote Play on Tablet",2019.0,0
1517290,Battlefield 2042,DICE,Electronic Arts,,"10,000,000 .. 20,000,000",3059,589,964,194,2774,5999,5999,0,"Action, Adventure, Casual, Multi-player, PvP, Online PvP, Co-op, Online Co-op, Steam Achievements, Full controller support, Steam Trading Cards, In-App Purchases, Color Alternatives, Custom Volume Controls, Stereo Sound, Surround Sound, HDR available",2021.0,0
1240440,Halo Infinite,343 Industries,Xbox Game Studios,,"10,000,000 .. 20,000,000",1165,7685,176,6619,2275,0,0,0,"Action, Free To Play, Multi-player, PvP, Online PvP, LAN PvP, Cross-Platform Multiplayer, Steam Achievements, Full controller support, In-App Purchases, Steam Cloud, Includes level editor, Remote Play on TV",2021.0,0
648800,Raft,Redbeet Interactive,Axolot Games,,"10,000,000 .. 20,000,000",1654,314,983,177,4701,1339,1999,33,"Adventure, Indie, Simulation, Single-player, Multi-player, Co-op, Online Co-op, Steam Achievements, Steam Cloud, Family Sharing",2022.0,0
386360,SMITE,Titan Forge Games,Hi-Rez Studios,,"10,000,000 .. 20,000,000",5034,182,264,255,1853,0,0,0,"Action, Adventure, Casual, Massively Multiplayer, RPG, Strategy, Free To Play, Multi-player, Steam Achievements, Full controller support, Steam Trading Cards, In-App Purchases",2015.0,0
444200,World of Tanks Blitz,Wargaming Group Limited,Wargaming Group Limited,,"10,000,000 .. 20,000,000",6652,194,232,156,5707,0,0,0,"Action, Massively Multiplayer, Simulation, Strategy, Free To Play, Multi-player, MMO, PvP, Online PvP, Co-op, Online Co-op, Cross-Platform Multiplayer, Steam Trading Cards, In-App Purchases, Camera Comfort, Color Alternatives, Custom Volume Controls, Save Anytime, Stereo Sound, Touch Only Option",2016.0,0
10,Counter-Strike,Valve,Valve,,"10,000,000 .. 20,000,000",10797,269,173,61,7323,199,999,80,"Action, Multi-player, PvP, Online PvP, Shared/Split Screen PvP, Color Alternatives, Custom Volume Controls, Keyboard Only Option, Stereo Sound, Valve Anti-Cheat enabled, Family Sharing",2000.0,0
240,Counter-Strike: Source,Valve,Valve,,"10,000,000 .. 20,000,000",7018,153,374,20,6187,199,999,80,"Action, Multi-player, Cross-Platform Multiplayer, Steam Achievements, Camera Comfort, Color Alternatives, Custom Volume Controls, Stereo Sound, Subtitle Options, Surround Sound, Steam Cloud, Valve Anti-Cheat enabled, Stats, Includes Source SDK, Family Sharing",2004.0,0
3164500,Schedule I,TVGS,TVGS,,"10,000,000 .. 20,000,000",1578,403,1097,233,22757,1399,1999,30,"Action, Indie, Simulation, Strategy, Early Access, Single-player, Multi-player, Co-op, Online Co-op, Steam Achievements, Adjustable Text Size, Camera Comfort, Custom Volume Controls, Save Anytime, Stereo Sound, Steam Cloud, Family Sharing",2025.0,0
755790,Ring of Elysium,Aurora Studio,TCH Scarlet Limited,,"10,000,000 .. 20,000,000",1142,0,127,0,0,0,0,0,"Action, Free To Play, Massively Multiplayer, Multi-player, PvP, Online PvP, Family Sharing",2019.0,0
400,Portal,Valve,Valve,,"10,000,000 .. 20,000,000",336,148,168,219,638,199,999,80,"Action, Single-player, Steam Achievements, Full controller support, Captions available, Camera Comfort, Custom Volume Controls, Save Anytime, Stereo Sound, Subtitle Options, Surround Sound, Includes level editor, Includes Source SDK, Commentary available, Remote Play on Phone, Remote Play on Tablet, Family Sharing",2007.0,0
1222670,The Sims 4,Maxis,Electronic Arts,,"10,000,000 .. 20,000,000",2129,482,305,247,25276,0,0,0,"Adventure, Casual, Simulation, Free To Play, Single-player, Steam Trading Cards, Mouse Only Option, Playable without Timed Input, Save Anytime, Stereo Sound, Surround Sound, Remote Play on Tablet",2020.0,0
550650,Black Squad,"VALOFE, NS STUDIO",VALOFE,,"10,000,000 .. 20,000,000",2257,9837,88,9837,212,0,0,0,"Action, Free To Play, Multi-player, Steam Achievements, Steam Trading Cards, In-App Purchases",2019.0,0
322330,Don't Starve Together,Klei Entertainment,Klei Entertainment,,"10,000,000 .. 20,000,000",3081,382,534,102,30542,509,1499,66,"Action, Adventure, Indie, RPG, Simulation, Strategy, Single-player, Multi-player, PvP, Online PvP, LAN PvP, Co-op, Online Co-op, LAN Co-op, Full controller support, Steam Trading Cards, Steam Workshop, In-App Purchases, Remote Play on Phone, Remote Play on Tablet, Remote Play on TV, Family Sharing",2016.0,0
239140,Dying Light,Techland,Techland,,"10,000,000 .. 20,000,000",2378,342,1152,145,4953,499,2499,80,"Action, RPG, Single-player, Multi-player, PvP, Online PvP, Co-op, Online Co-op, Steam Achievements, Full controller support, Steam Trading Cards, Steam Workshop, Steam Cloud, Valve Anti-Cheat enabled, Includes level editor, Remote Play on Tablet, Remote Play on TV, Family Sharing",2015.0,0
477160,Human Fall Flat,No Brakes Games,Curve Games,,"10,000,000 .. 20,000,000",798,519,363,147,950,599,1999,70,"Adventure, Casual, Indie, Simulation, Single-player, Multi-player, PvP, Online PvP, Co-op, Shared/Split Screen Co-op, Shared/Split Screen, Steam Achievements, Full controller support, Steam Trading Cards, Steam Workshop, Color Alternatives, Custom Volume Controls, Keyboard Only Option, Playable without Timed Input, Stereo Sound, Surround Sound, Steam Cloud, Stats, Remote Play on TV, Remote Play Together, Family Sharing",2016.0,0
251570,7 Days to Die,The Fun Pimps,The Fun Pimps Entertainment LLC,,"10,000,000 .. 20,000,000",6348,609,1467,271,17045,2699,4499,40,"Action, Adventure, Indie, RPG, Simulation, Strategy, Single-player, Multi-player, PvP, Online PvP, LAN PvP, Co-op, Online Co-op, LAN Co-op, Cross-Platform Multiplayer, Steam Achievements, Full controller support, Steam Trading Cards, Includes level editor, Remote Play on Tablet, Remote Play on TV, Family Sharing",2024.0,0
100,Counter-Strike: Condition Zero,Valve,Valve,,"10,000,000 .. 20,000,000",240,30,28,30,83,199,999,80,"Action, Single-player, Multi-player, Color Alternatives, Custom Volume Controls, Adjustable Difficulty, Stereo Sound, Valve Anti-Cheat enabled, Family Sharing",2004.0,1
1665460,eFootball,KONAMI,KONAMI,,"10,000,000 .. 20,000,000",3043,2457,159,434,13404,0,0,0,"Simulation, Sports, Free To Play, Single-player, Multi-player, PvP, Online PvP, Shared/Split Screen PvP, Co-op, Online Co-op, Shared/Split Screen Co-op, Shared/Split Screen, Cross-Platform Multiplayer, In-App Purchases, Partial Controller Support",2021.0,0
417910,Street Warriors Online,Crazy Rocks Studios,Crazy Rocks Studios,,"10,000,000 .. 20,000,000",367,0,35,0,1,199,199,0,"Action, Massively Multiplayer, Simulation, Sports, Multi-player, PvP, Online PvP, Steam Achievements, Steam Trading Cards, In-App Purchases, Partial Controller Support, Stats, Family Sharing",2016.0,0
433850,Z1 Battle Royale,Daybreak Game Company,Daybreak Game Company,,"10,000,000 .. 20,000,000",4003,4928,220,9844,1010,0,0,0,"Action, Adventure, Free To Play, Massively Multiplayer, Multi-player, PvP, Online PvP, In-App Purchases",2018.0,0
594650,Hunt: Showdown 1896,Crytek,Crytek,,"10,000,000 .. 20,000,000",8073,673,874,345,6300,1349,2999,55,"Action, Multi-player, PvP, Online PvP, Co-op, Online Co-op, Steam Achievements, Full controller support, Steam Trading Cards, In-App Purchases, Steam Leaderboards, Remote Play on Tablet, Remote Play on TV",2019.0,0
814380,Sekiro: Shadows Die Twice - GOTY Edition,"FromSoftware, Inc.","Activision (Excluding Japan and Asia), FromSoftware, Inc. (Japan), 方块游戏 (Asia)",,"10,000,000 .. 20,000,000",2593,255,1396,102,6767,2999,5999,50,"Action, Adventure, Single-player, Steam Achievements, Full controller support, Steam Trading Cards, Steam Cloud, Remote Play on Tablet, Remote Play on TV, Family Sharing",2019.0,0
1116170,CyberCorp,Megame LLC,Megame LLC,,"10,000,000 .. 20,000,000",430,0,430,0,3,1124,1499,25,"Action, Adventure, Indie, RPG, Single-player, Multi-player, Co-op, Online Co-op, Steam Achievements, Steam Trading Cards, Camera Comfort, Custom Volume Controls, Playable without Timed Input, Stereo Sound, Partial Controller Support, Steam Cloud, Family Sharing",2025.0,0
220,Half-Life 2,Valve,Valve,,"10,000,000 .. 20,000,000",789,352,315,81,1555,199,999,80,"Action, Single-player, Steam Achievements, Full controller support, Steam Trading Cards, Captions available, Steam Workshop, Camera Comfort, Custom Volume Controls, Adjustable Difficulty, Playable without Timed Input, Save Anytime, Stereo Sound, Subtitle Options, Surround Sound, Steam Cloud, Includes Source SDK, Commentary available, Remote Play on Phone, Remote Play on Tablet, Remote Play Together, Family Sharing, Steam Timeline",2004.0,1
107410,Arma 3,Bohemia Interactive,Bohemia Interactive,,"10,000,000 .. 20,000,000",11045,589,766,330,7181,599,2999,80,"Action, Simulation, Strategy, Single-player, Multi-player, PvP, Online PvP, LAN PvP, Co-op, Online Co-op, LAN Co-op, Steam Achievements, Steam Trading Cards, Captions available, Steam Workshop, Stats, Steam Leaderboards, Includes level editor, Steam Timeline",2013.0,0
1326470,Sons Of The Forest,Endnight Games Ltd,Newnight ,,"10,000,000 .. 20,000,000",1397,322,907,218,4450,989,2999,67,"Action, Adventure, Indie, Simulation, Single-player, Multi-player, Co-op, Online Co-op, Steam Achievements, Full controller support, Steam Cloud, Family Sharing",2024.0,0
219990,Grim Dawn,Crate Entertainment,Crate Entertainment,,"10,000,000 .. 20,000,000",3451,636,910,914,2376,374,2499,85,"Action, Adventure, Indie, RPG, Single-player, Multi-player, Co-op, Online Co-op, LAN Co-op, Steam Achievements, Full controller support, Steam Trading Cards, Steam Cloud, Remote Play on Tablet, Remote Play on TV, Family Sharing",2016.0,0
255710,Cities: Skylines,Colossal Order Ltd.,Paradox Interactive,,"10,000,000 .. 20,000,000",3677,605,800,91,8842,899,2999,70,"Simulation, Strategy, Single-player, Steam Achievements, Steam Trading Cards, Steam Workshop, Steam Cloud, Includes level editor, Remote Play on Tablet, Family Sharing",2015.0,0
261550,Mount & Blade II: Bannerlord,TaleWorlds Entertainment,TaleWorlds Entertainment,,"10,000,000 .. 20,000,000",8501,703,4491,306,14477,2999,4999,40,"Action, Indie, RPG, Simulation, Strategy, Single-player, Multi-player, PvP, Online PvP, Steam Achievements, Steam Trading Cards, Steam Workshop, Partial Controller Support, Steam Cloud, Includes level editor, Remote Play on Tablet, Family Sharing",2022.0,0
8930,Sid Meier's Civilization V,"Firaxis Games, Aspyr (Mac), Aspyr (Linux)","2K, Aspyr (Mac), Aspyr (Linux)",,"10,000,000 .. 20,000,000",7142,494,2323,318,12206,749,2999,75,"Strategy, Single-player, Multi-player, Steam Achievements, Steam Trading Cards, Steam Cloud, Remote Play on Tablet, Family Sharing",2010.0,0
304050,Trove,gamigo US Inc.,gamigo US Inc.,,"10,000,000 .. 20,000,000",2566,211,201,286,758,0,0,0,"Action, Adventure, Casual, Massively Multiplayer, RPG, Free To Play, Multi-player, MMO, PvP, Online PvP, Co-op, Online Co-op, Steam Achievements, Steam Trading Cards, Steam Workshop, In-App Purchases, Adjustable Text Size, Custom Volume Controls, Playable without Timed Input, Save Anytime, Partial Controller Support",2015.0,0
289070,Sid Meier’s Civilization VI,"Firaxis Games, Aspyr (Mac), Aspyr (Linux)","2K, Aspyr (Mac), Aspyr (Linux)",,"10,000,000 .. 20,000,000",6269,623,1578,257,25420,599,5999,90,"Strategy, Single-player, Multi-player, PvP, Online PvP, LAN PvP, Shared/Split Screen PvP, Shared/Split Screen, Cross-Platform Multiplayer, Steam Achievements, Steam Trading Cards, Steam Workshop, In-App Purchases, Steam Turn Notifications, Remote Play on Tablet, Remote Play Together, Family Sharing",2016.0,0
377160,Fallout 4,Bethesda Game Studios,Bethesda Softworks,,"10,000,000 .. 20,000,000",6315,457,1988,241,11179,799,1999,60,"RPG, Single-player, Steam Achievements, Full controller support, Playable without Timed Input, Save Anytime, Stereo Sound, Surround Sound, Steam Cloud, Remote Play on Phone, Remote Play on Tablet, Remote Play on TV, Family Sharing",2015.0,0
532210,Life is Strange 2,"DONTNOD Entertainment, Feral Interactive (Mac), Feral Interactive (Linux)","Square Enix, Feral Interactive (Mac), Feral Interactive (Linux)",,"10,000,000 .. 20,000,000",482,0,220,0,153,3196,3196,0,"Adventure, Single-player, Steam Achievements, Full controller support, Steam Trading Cards, Steam Cloud, Remote Play on Phone, Remote Play on Tablet, Remote Play on TV, Family Sharing",2018.0,0
2186680,"Warhammer 40,000: Rogue Trader",Owlcat Games,Owlcat Games,,"10,000,000 .. 20,000,000",2872,483,1534,539,3582,2249,4999,55,"Action, Adventure, Indie, RPG, Strategy, Single-player, Multi-player, Co-op, Online Co-op, Cross-Platform Multiplayer, Steam Achievements, Steam Trading Cards, Steam Workshop, Partial Controller Support, Steam Cloud, Family Sharing",2023.0,0
1238810,Battlefield V,DICE,Electronic Arts,,"10,000,000 .. 20,000,000",2349,147,605,94,6327,4999,4999,0,"Action, Single-player, Multi-player, PvP, Online PvP, Steam Achievements, Full controller support, Steam Trading Cards, HDR available",2020.0,0
3241660,R.E.P.O.,semiwork,semiwork,,"10,000,000 .. 20,000,000",1048,216,590,117,32349,699,999,30,"Action, Early Access, Single-player, Multi-player, Co-op, Online Co-op, Camera Comfort, Custom Volume Controls, Playable without Timed Input, Stereo Sound, Steam Cloud, Family Sharing",2025.0,0
221100,DayZ,Bohemia Interactive,Bohemia Interactive,,"10,000,000 .. 20,000,000",15627,1348,2399,640,37066,2499,4999,50,"Action, Adventure, Massively Multiplayer, Multi-player, MMO, PvP, Online PvP, Co-op, Online Co-op, Steam Achievements, Steam Workshop, Steam Cloud, Valve Anti-Cheat enabled",2018.0,0
526870,Satisfactory,Coffee Stain Studios,Coffee Stain Publishing,,"10,000,000 .. 20,000,000",5895,684,2196,408,12596,2799,3999,30,"Adventure, Indie, Simulation, Strategy, Single-player, Multi-player, Co-op, Online Co-op, Cross-Platform Multiplayer, Steam Achievements, Adjustable Text Size, Camera Comfort, Color Alternatives, Custom Volume Controls, Adjustable Difficulty, Playable without Timed Input, Save Anytime, Stereo Sound, Surround Sound, Partial Controller Support, Steam Cloud, Remote Play on Tablet, Family Sharing",2024.0,1
1089350,NBA 2K20,Visual Concepts,2K,,"5,000,000 .. 10,000,000",7088,0,2393,0,221,0,0,0,"Simulation, Sports, Single-player, Multi-player, PvP, Online PvP, Shared/Split Screen PvP, Co-op, Online Co-op, Shared/Split Screen Co-op, Shared/Split Screen, Steam Achievements, Full controller support, In-App Purchases, Steam Cloud, Remote Play on Phone, Remote Play on Tablet, Remote Play on TV, Remote Play Together, Family Sharing",2019.0,0
632360,Risk of Rain 2,Hopoo Games,Gearbox Publishing,,"5,000,000 .. 10,000,000",3690,265,1347,131,7902,824,2499,67,"Action, Indie, Single-player, Multi-player, PvP, Online PvP, Co-op, Online Co-op, Full controller support, Steam Trading Cards, Adjustable Text Size, Camera Comfort, Custom Volume Controls, Adjustable Difficulty, Stereo Sound, Surround Sound, Steam Cloud, Steam Leaderboards, Remote Play on Phone, Remote Play on Tablet, Remote Play on TV, Family Sharing",2020.0,1
1811260,EA SPORTS FIFA 23,EA Canada &amp; EA Romania,Electronic Arts,,"5,000,000 .. 10,000,000",11299,301,6136,322,1280,0,0,0,"Simulation, Sports, Single-player, Multi-player, PvP, Online PvP, Shared/Split Screen PvP, Co-op, Online Co-op, Shared/Split Screen Co-op, Shared/Split Screen, Cross-Platform Multiplayer, Steam Achievements, Full controller support, In-App Purchases",2022.0,0
